GL-B7EFE323,Bengaluru City Branch,BR003,2026-01-28,06:20,BRANCH_VISIT_SCHEDULED
GL-B7EFE323,Delhi Central Branch,BR002,2026-01-21,02:45,BRANCH_VISIT_SCHEDULED
GL-B7EFE323,Mumbai Main Branch,BR001,2026-01-04,16:10,BRANCH_VISIT_SCHEDULED
GL-B7EFE323,Mumbai Main Branch,BR001,2026-01-04,01:15,BRANCH_VISIT_SCHEDULED
GL-B7EFE323,Bengaluru City Branch,2026-01-05,12:32,SCHEDULED,2026-01-05T12:33:04.345190
GL-B7EFE323,Bengaluru City Branch,2026-01-05,12:32,SCHEDULED,2026-01-05T12:33:07.938578
GL-B7EFE323,Bengaluru City Branch,2026-01-05,12:32,SCHEDULED,2026-01-05T12:33:09.085692
GL-B7EFE323,Bengaluru City Branch,2026-01-05,12:32,SCHEDULED,2026-01-05T12:33:09.957287
GL-B7EFE323,Bengaluru City Branch,2026-01-05,12:32,SCHEDULED,2026-01-05T12:33:12.900061
GL-B7EFE323,Bengaluru City Branch,2026-01-05,12:32,SCHEDULED,2026-01-05T12:33:13.715809
GL-B7EFE323,Bengaluru City Branch,2026-01-05,12:32,SCHEDULED,2026-01-05T12:33:14.550321
GL-B7EFE323,Bengaluru City Branch,2026-01-05,12:32,SCHEDULED,2026-01-05T12:33:21.449696
GL-B7EFE323,1be1d5b0-5200-4e71-a48e-91d75710c483,Mumbai Main Branch,2026-01-05,12:40,SCHEDULED,2026-01-05T12:41:01.180293
GL-B7EFE323,1be1d5b0-5200-4e71-a48e-91d75710c483,Mumbai Main Branch,2026-01-05,12:41,SCHEDULED,2026-01-05T12:41:08.922408
GL-B7EFE323,1be1d5b0-5200-4e71-a48e-91d75710c483,Mumbai Main Branch,2026-01-05,12:43,SCHEDULED,2026-01-05T12:43:23.449402
GL-B7EFE323,1be1d5b0-5200-4e71-a48e-91d75710c483,Mumbai Main Branch,2026-01-05,12:43,SCHEDULED,2026-01-05T12:43:25.808161
GL-B7EFE323,1be1d5b0-5200-4e71-a48e-91d75710c483,Mumbai Main Branch,2026-01-05,12:43,SCHEDULED,2026-01-05T12:43:26.854609
GL-B7EFE323,1be1d5b0-5200-4e71-a48e-91d75710c483,Mumbai Main Branch,2026-01-05,12:43,SCHEDULED,2026-01-05T12:43:27.537308
GL-77F5394C,Mumbai Main Branch,2026-01-05,11:00,SCHEDULED,2026-01-05T14:07:55.508467
