Customer_ID,Full_Name,DOB,Gender,Mobile,Email,Address,PAN,Aadhaar,PIN

1be1d5b0-5200-4e71-a48e-91d75710c483,Raj kumar singh,2026-01-04,Male,9685948943,ayjj8@gmail.com,,ASGDD3673F,123443211238,6666
d271ba54-a895-4208-8c21-a2154d4ad2df,raju,1997-01-08,Male,9182736455,raj12@gmail.com,,ASERR5432G,789789789789,0000
74131ff3-f6e7-4132-9c2e-e94f9b9eb32a,king,2000-01-20,Male,6264324727,autr4@gmail.com,,ASGDD3646H,123456654321,7777
bb6c4896-4696-4683-9455-3174ba92eb78,king,1982-01-19,Male,6264324728,autg4@gmail.com,"dwaraka nagara,  bengaluru, kar",ASGDD3646F,123456654320,7777
eefb98e3-3bee-44ea-80a7-1b8c61cca828,Bruno,1979-01-31,Male,9685948943,sdf8@gmail.com,bihar,QWERT4554C,345676589347,8888
9a9782f5-9aaa-43fb-9193-6ba3fdead72d,Yeshwanth,2003-02-24,Male,7842344220,yeshu44220@gmail.com,"Bengaluru , Sai Nagar ",ASGDD3646Y,123456654322,1122
e3cd6b40-6ebf-4ef6-b231-429993ce7e3b,Kettan Singh,2001-01-15,Male,8765437899,kittansingh02@gmail.com,"BTM Layout , Bangalore",LMNOP9012Q,444455556666,0987
047efb53-b489-4359-b595-730e87bf6e14,Kettan Singh,2026-01-05,Male,8765437898,kittansingh02@gmail.com,"BTM Layout , Bangalore",LMNOP9012Q,444455556666,0987
