Customer_ID,Application_ID,Sender,Message,Created_At
1be1d5b0-5200-4e71-a48e-91d75710c483,GL-B7EFE323,Your branch visit at Bengaluru City Branch is scheduled on 2026-01-05 at 12:32:00.,2026-01-05T12:33:04.355341,UNREAD
1be1d5b0-5200-4e71-a48e-91d75710c483,GL-B7EFE323,Your branch visit at Bengaluru City Branch is scheduled on 2026-01-05 at 12:32:00.,2026-01-05T12:33:07.948917,UNREAD
1be1d5b0-5200-4e71-a48e-91d75710c483,GL-B7EFE323,Your branch visit at Bengaluru City Branch is scheduled on 2026-01-05 at 12:32:00.,2026-01-05T12:33:09.093796,UNREAD
1be1d5b0-5200-4e71-a48e-91d75710c483,GL-B7EFE323,Your branch visit at Bengaluru City Branch is scheduled on 2026-01-05 at 12:32:00.,2026-01-05T12:33:09.966824,UNREAD
1be1d5b0-5200-4e71-a48e-91d75710c483,GL-B7EFE323,Your branch visit at Bengaluru City Branch is scheduled on 2026-01-05 at 12:32:00.,2026-01-05T12:33:12.910955,UNREAD
1be1d5b0-5200-4e71-a48e-91d75710c483,GL-B7EFE323,Your branch visit at Bengaluru City Branch is scheduled on 2026-01-05 at 12:32:00.,2026-01-05T12:33:13.725601,UNREAD
1be1d5b0-5200-4e71-a48e-91d75710c483,GL-B7EFE323,Your branch visit at Bengaluru City Branch is scheduled on 2026-01-05 at 12:32:00.,2026-01-05T12:33:14.558420,UNREAD
1be1d5b0-5200-4e71-a48e-91d75710c483,GL-B7EFE323,Your branch visit at Bengaluru City Branch is scheduled on 2026-01-05 at 12:32:00.,2026-01-05T12:33:21.461791,UNREAD
1be1d5b0-5200-4e71-a48e-91d75710c483,GL-B7EFE323,Your branch visit is scheduled at Mumbai Main Branch on 2026-01-05 at 12:40:00.,2026-01-05T12:41:01.192021,UNREAD
1be1d5b0-5200-4e71-a48e-91d75710c483,GL-B7EFE323,Your branch visit is scheduled at Mumbai Main Branch on 2026-01-05 at 12:41:00.,2026-01-05T12:41:08.934589,UNREAD
1be1d5b0-5200-4e71-a48e-91d75710c483,GL-B7EFE323,Branch visit scheduled at Mumbai Main Branch on 2026-01-05 at 12:43:00.,2026-01-05T12:43:23.464335,UNREAD
1be1d5b0-5200-4e71-a48e-91d75710c483,GL-B7EFE323,Branch visit scheduled at Mumbai Main Branch on 2026-01-05 at 12:43:00.,2026-01-05T12:43:25.824437,UNREAD
1be1d5b0-5200-4e71-a48e-91d75710c483,GL-B7EFE323,Branch visit scheduled at Mumbai Main Branch on 2026-01-05 at 12:43:00.,2026-01-05T12:43:26.868851,UNREAD
1be1d5b0-5200-4e71-a48e-91d75710c483,GL-B7EFE323,Branch visit scheduled at Mumbai Main Branch on 2026-01-05 at 12:43:00.,2026-01-05T12:43:27.548850,UNREAD
GL-77F5394C,Your branch visit is scheduled at Mumbai Main Branch on 2026-01-05 at 11:00:00.,2026-01-05T14:07:55.519591,UNREAD
GL-B7EFE323,Branch Manager decision recorded: Send Back to Loan Officer.,2026-01-05T14:09:21.503272,UNREAD
1be1d5b0-5200-4e71-a48e-91d75710c483,GL-B7EFE323,Your loan application has been escalate to branch manager.,2026-01-05T14:24:28.448427,UNREAD
