Customer_ID,Application_ID,Sender,Message,Created_At
1be1d5b0-5200-4e71-a48e-91d75710c483,GL-B7EFE323,SYSTEM,Branch visit scheduled at Bengaluru City Branch on 2026-01-28 at 06:20:00.,2026-01-04T06:29:58.101860
1be1d5b0-5200-4e71-a48e-91d75710c483,GL-B7EFE323,SYSTEM,Branch visit scheduled at Delhi Central Branch on 2026-01-21 at 02:45:00.,2026-01-04T15:35:17.722810
1be1d5b0-5200-4e71-a48e-91d75710c483,GL-B7EFE323,SYSTEM,Branch visit scheduled at Mumbai Main Branch on 2026-01-04 at 16:10:00.,2026-01-04T16:10:30.118383
1be1d5b0-5200-4e71-a48e-91d75710c483,GL-B7EFE323,SYSTEM,Branch visit scheduled at Mumbai Main Branch on 2026-01-04 at 01:15:00.,2026-01-04T16:29:34.071935
