application_id,decision,actor_role,actor_id,risk_level,route_to,policy_missing,policy_score,remarks,timestamp
GL-19F27658,ESCALATE_TO_BRANCH_MANAGER,LOAN_OFFICER,EMP1023,HIGH,BRANCH_MANAGER,YES,0.3,high amount,2026-01-05T12:59:51.292528
GL-B7EFE323,ESCALATE_TO_BRANCH_MANAGER,LOAN_OFFICER,EMP1023,MEDIUM,BRANCH_MANAGER,YES,0.3,escalation,2026-01-05T13:21:55.252779
GL-77F5394C,REJECT,LOAN_OFFICER,EMP1023,LOW,,NO,0.3,Document mismatched,2026-01-05T14:08:24.300205
GL-B7EFE323,BM_SENT_BACK,BRANCH_MANAGER,MAN021,MEDIUM,LOAN_OFFICER,YES,0.3,take decision,2026-01-05T14:09:21.489669
GL-19F27658,ESCALATE_TO_BRANCH_MANAGER,LOAN_OFFICER,EMP1023,HIGH,BRANCH_MANAGER,YES,0.3,High Amount,2026-01-05T14:12:49.423784
GL-19F27658,BM_APPROVED,BRANCH_MANAGER,MAN021,HIGH,CLOSED,YES,0.3,Approve the gold does not have any remarks,2026-01-05T14:14:09.358799
GL-B7EFE323,ESCALATE_TO_BRANCH_MANAGER,LOAN_OFFICER,EMP1023,MEDIUM,BRANCH_MANAGER,YES,0.3,Please double Check,2026-01-05T14:24:28.428645
GL-B7EFE323,BM_SENT_BACK,BRANCH_MANAGER,MAN021,MEDIUM,LOAN_OFFICER,YES,0.3,checked you can approve,2026-01-05T14:25:15.210002
